{"cameraMode":{"drawMode":0,"name":"Shaded","section":"Shading Mode"},"sceneLighting":false,"audioPlay":false,"sceneViewState":{"m_AlwaysRefresh":false,"showFog":true,"showSkybox":false,"showFlares":true,"showImageEffects":true,"showParticleSystems":true,"showVisualEffectGraphs":true,"m_FxEnabled":true},"in2DMode":false,"pivot":{"x":-0.9100000262260437,"y":1.1089999675750733,"z":1.3200000524520875},"rotation":{"x":-0.15721818804740907,"y":-0.22825121879577638,"z":0.037373363971710208,"w":-0.9601100087165833},"size":0.655518114566803,"orthographic":false}