{"cameraMode":{"drawMode":0,"name":"Shaded","section":"Shading Mode"},"sceneLighting":true,"audioPlay":false,"sceneViewState":{"m_AlwaysRefresh":false,"showFog":true,"showSkybox":true,"showFlares":true,"showImageEffects":true,"showParticleSystems":true,"showVisualEffectGraphs":true,"m_FxEnabled":true},"in2DMode":false,"pivot":{"x":0.9189642071723938,"y":2.8732452392578127,"z":-3.3312551975250246},"rotation":{"x":-0.29287010431289675,"y":-0.022374114021658899,"z":0.006855975836515427,"w":-0.9558692574501038},"size":0.08612797409296036,"orthographic":false}